Name,Team,playerid
Tommy Hunter,NYM,1157
Daniel Bard,COL,7115
Connor Overton,- - -,18376
Jose Quintana,- - -,11423
Josh Lowe,TBR,19953
Sean Reid-Foley,NYM,17034
Austin Davis,- - -,17117
Jake Brentz,KCR,17783
Trevor Richards,- - -,19309
Mario Feliciano,MIL,20263
Justin Bruihl,LAD,23779
Daniel Camarena,SDP,14467
Jakson Reetz,WSN,17837
Garrett Cleavinger,LAD,17897
Ali Sanchez,STL,18551
Seth Beer,ARI,20493
Humberto Castellanos,ARI,21183
Austin Voth,WSN,15047
Sean Manaea,OAK,15873
Trayce Thompson,CHC,9952
Tyler Nevin,BAL,17893
Mike Trout,LAA,10155
Justus Sheffield,SEA,17285
Jordan Yamamoto,NYM,17585
Triston McKenzie,CLE,18000
Cal Quantrill,CLE,19312
Garrett Whitlock,BOS,20191
Bailey Ober,MIN,21224
Bryce Harper,PHI,11579
Chris Owings,COL,10030
Nick Fortes,MIA,21538
Estevan Florial,NYY,19151
Juan Soto,WSN,20123
Vladimir Guerrero Jr.,TOR,19611
Byron Buxton,MIN,14161
Oneil Cruz,PIT,21711
Luis Gonzalez,CHW,20332
Jake Faria,ARI,13699
Justin Dunn,SEA,19268
Kyle Wright,ATL,19665
Ronald Acuna Jr.,ATL,18401
Taylor Davis,PIT,12782
Brandon Belt,SFG,10264
Jesse Winker,CIN,13590
Frank Schwindel,- - -,15351
Fernando Tatis Jr.,SDP,19709
Yasmani Grandal,CHW,11368
Jose Siri,HOU,17452
Luis Robert,CHW,20043
Shohei Ohtani,LAA,19755
Josh Tomlin,ATL,9388
Andrew Heaney,- - -,15423
Matthew Boyd,DET,15440
Ivan Castillo,SDP,15971
Dakota Hudson,STL,19206
Kyle Schwarber,- - -,16478
Joey Votto,CIN,4314
Nick Castellanos,CIN,11737
Corey Seager,LAD,13624
Aaron Judge,NYY,15640
Andy Burns,LAD,12779
Trea Turner,- - -,16252
Bryan Reynolds,PIT,19326
Ketel Marte,ARI,13613
Darin Ruf,SFG,9929
John Hicks,TEX,12547
Tyler O'Neill,STL,15711
C.J. Cron,COL,12546
Kyle Tucker,HOU,18345
George Springer,TOR,12856
Austin Riley,ATL,18360
Freddie Freeman,ATL,5361
Buster Posey,SFG,9166
Max Muncy,LAD,13301
Matt Olson,OAK,14344
Brandon Crawford,SFG,5343
Connor Wong,BOS,19896
Dylan Cease,CHW,18525
Greg Allen,NYY,16623
A.J. Pollock,LAD,9256
Paul Goldschmidt,STL,9218
Patrick Kivlehan,SDP,13910
Rafael Devers,BOS,17350
Jose Ramirez,CLE,13510
Cedric Mullins II,BAL,17929
Mitch Garver,MIN,15161
Giancarlo Stanton,NYY,4949
Yordan Alvarez,HOU,19556
Brandon Nimmo,NYM,12927
Teoscar Hernandez,TOR,13066
Xander Bogaerts,BOS,12161
Marcus Semien,TOR,12533
Garrett Cooper,MIA,15279
Connor Joe,COL,16572
Mookie Betts,LAD,13611
Rhys Hoskins,PHI,16472
Starling Marte,- - -,9241
J.D. Martinez,BOS,6184
Will Smith,LAD,19197
Carlos Correa,HOU,14162
Brandon Lowe,TBR,18882
Yuli Gurriel,HOU,19198
Jonathan India,CIN,21523
Pete Alonso,NYM,19251
Austin Allen,OAK,18083
Salvador Perez,KCR,7304
Mike Zunino,TBR,13265
Justin Turner,LAD,5235
Luke Maile,MIL,13355
J.D. Davis,NYM,16219
Jared Walsh,LAA,18607
Jose Altuve,HOU,5417
Kris Bryant,- - -,15429
Matt Vierling,PHI,21558
Rafael Ortega,CHC,10323
Adam Engel,CHW,15082
Franmil Reyes,CLE,14566
Jose Abreu,CHW,15676
Bo Bichette,TOR,19612
Spencer Howard,- - -,23252
Ty France,SEA,17982
Alfonso Rivas,CHC,21560
Josh Donaldson,MIN,5038
Delino DeShields,CIN,11379
Evan Longoria,SFG,9368
Gavin Sheets,CHW,19901
Josh Bell,WSN,13145
Jerad Eickhoff,NYM,12664
Tony Kemp,OAK,14894
Jonathan Lucroy,- - -,7870
Alex De Goti,HOU,19477
Manny Machado,SDP,11493
Randy Arozarena,TBR,19290
Willy Adames,- - -,15986
Jorge Polanco,MIN,13152
Joey Gallo,- - -,14128
Wander Franco,TBR,23667
Yoan Moncada,CHW,17232
Jason Castro,HOU,8722
Michael Brantley,HOU,4106
Patrick Wisdom,CHC,13602
Nelson Cruz,- - -,2434
Tyler Stephenson,CIN,17988
Thairo Estrada,SFG,16426
Jose Alvarez,SFG,5358
Wily Peralta,DET,7738
Jameson Taillon,NYY,11674
Hoby Milner,MIL,13346
Aaron Civale,CLE,19479
Clarke Schmidt,NYY,19899
Reid Detmers,LAA,27468
Avisail Garcia,MIL,5760
Tyler Naquin,CIN,13359
Tim Anderson,CHW,15172
Jeimer Candelario,DET,13621
Jake Burger,CHW,22275
Javier Baez,- - -,12979
Hunter Renfroe,BOS,15464
Santiago Espinal,TOR,19997
LaMonte Wade Jr.,SFG,18126
Brendan Rodgers,COL,17907
Trevor Story,COL,12564
Jake Cronenworth,SDP,18036
Ramon Urias,BAL,18795
Adam Frazier,- - -,15223
Luis Urias,MIL,16622
Mitch Haniger,SEA,14274
Matt Beaty,LAD,17710
Jesus Sanchez,MIA,19913
Bryan De La Cruz,MIA,19600
Anthony Rizzo,- - -,3473
Jake Rogers,DET,19452
Chris Taylor,LAD,13757
T.J. Friedl,CIN,19522
Enrique Hernandez,BOS,10472
Jean Segura,PHI,5933
Robbie Grossman,DET,5254
Jordan Luplow,- - -,16424
Wilmer Flores,SFG,5827
Willson Contreras,CHC,11609
Nathaniel Lowe,TEX,19566
Kolten Wong,MIL,12532
Robinson Chirinos,CHC,3142
Nolan Arenado,STL,9777
Ozzie Albies,ATL,16556
Dylan Carlson,STL,20126
J.T. Realmuto,PHI,11739
Alex Bregman,HOU,17678
Dustin Garneau,DET,9433
Nick Madrigal,CHW,20521
Ryan Mountcastle,BAL,18373
Andrew McCutchen,PHI,9847
Eduardo Escobar,- - -,6153
Ji-Man Choi,TBR,5452
Ryan McMahon,COL,15112
Alex Verdugo,BOS,17027
Bobby Dalbec,BOS,19966
Jesus Aguilar,MIA,11342
Brandon Drury,NYM,11615
Taylor Ward,LAA,17548
Mark Canha,OAK,11445
Lourdes Gurriel Jr.,TOR,19238
Kyle Isbel,KCR,21614
Tres Barrera,WSN,19977
Charlie Blackmon,COL,7859
Tyrone Taylor,MIL,13675
Riley Adams,- - -,19864
Christian Arroyo,BOS,16434
Luke Voit,NYY,14811
Andy Young,ARI,19521
Miguel Sano,MIN,12164
Brad Miller,PHI,12775
Geraldo Perdomo,ARI,22799
Harrison Bader,STL,18030
Jacob deGrom,NYM,10954
Wil Myers,SDP,10047
Alejandro Kirk,TOR,22581
Elias Diaz,COL,11680
Nico Hoerner,CHC,21479
Max Schrock,CIN,17750
Danny Jansen,TOR,16535
Akil Baddoo,DET,22168
Nicky Lopez,KCR,19339
Carson Kelly,ARI,13620
Jake Meyers,HOU,20308
Austin Hays,BAL,19363
Ryan LaMarre,NYY,10700
Ian Happ,CHC,17919
Andrew Benintendi,KCR,17901
Lane Thomas,- - -,16939
Ramon Laureano,OAK,17128
Steven Duggar,SFG,17719
Austin Meadows,TBR,15672
Josh Rojas,ARI,19734
Matt Duffy,CHC,13836
Max Stassi,LAA,10059
Chas McCormick,HOU,19599
Trey Mancini,BAL,15149
Mike Yastrzemski,SFG,14854
Kevin Plawecki,BOS,13807
Andy Ibanez,TEX,18819
Yandy Diaz,TBR,16578
Christian Yelich,MIL,11477
Keibert Ruiz,- - -,19610
Alcides Escobar,WSN,6310
Daniel Vogelbach,MIL,14130
Josh Harrison,- - -,8202
Donovan Solano,SFG,8623
Adam Duvall,- - -,10950
Jonathan Schoop,DET,11265
Jorge Soler,- - -,14221
Jake Fraley,SEA,19260
Dansby Swanson,ATL,18314
Stephen Strasburg,WSN,10131
Nick Ciuffo,BAL,16291
Omar Narvaez,MIL,13338
Daulton Varsho,ARI,19918
Ben Gamel,- - -,12160
Edmundo Sosa,STL,17022
Michael Conforto,NYM,16376
Luis Arraez,MIN,18568
Austin Slater,SFG,16153
Abraham Almonte,ATL,5486
Yadiel Hernandez,WSN,19334
Trent Grisham,SDP,18564
Austin Dean,STL,18288
Kyle Lewis,SEA,19508
Francisco Mejia,TBR,16403
Jonathan Villar,NYM,10071
Eric Hosmer,SDP,3516
Ryan Zimmerman,WSN,4220
Lorenzo Cain,MIL,9077
Jace Peterson,MIL,12325
Tommy Pham,SDP,2967
Pavin Smith,ARI,19892
Sam Hilliard,COL,17954
Colin Moran,PIT,16909
Yermin Mercedes,CHW,17423
Corey Dickerson,- - -,10762
Eloy Jimenez,CHW,17484
Joey Wendle,TBR,13853
Francisco Lindor,NYM,12916
Ehire Adrianza,ATL,8418
Jose Rondon,STL,14140
Eric Haase,DET,14111
Lars Nootbaar,STL,21454
Eddie Rosario,- - -,12155
Kyle Farmer,CIN,14813
Austin Nola,SDP,15941
Amed Rosario,CLE,15518
Joc Pederson,- - -,11899
Jake McCarthy,ARI,21622
Manny Pina,MIL,2829
DJ LeMahieu,NYY,9874
Seth Brown,OAK,18171
Bobby Bradley,CLE,17278
Gary Sanchez,NYY,11442
Brian Anderson,MIA,18289
Kyle Garlick,MIN,18063
Adolis Garcia,TEX,19287
David Peralta,ARI,2136
J.P. Crawford,SEA,15491
Jon Jay,LAA,5227
Alex Dickerson,SFG,12649
Brett Phillips,TBR,14735
Jazz Chisholm Jr.,MIA,20454
Travis Jankowski,PHI,13768
Odubel Herrera,PHI,11476
Leury Garcia,CHW,5913
Jacob Stallings,PIT,13723
Wilmer Difo,PIT,14320
Matt Chapman,OAK,16505
Miguel Rojas,MIA,7802
Jed Lowrie,OAK,4418
Luis Torrens,SEA,15905
Alex Avila,WSN,7476
Myles Straw,- - -,17620
Aledmys Diaz,HOU,15937
Luis Guillorme,NYM,16451
Kevin Kiermaier,TBR,11038
Anthony Rendon,LAA,12861
Anthony Alford,PIT,14329
D.J. Stewart,BAL,17766
Nick Maton,PHI,21635
Sean Murphy,OAK,19352
Gio Urshela,NYY,10681
Max Kepler,MIN,12144
Starlin Castro,WSN,4579
Yan Gomes,- - -,9627
Kyle Seager,SEA,9785
Deven Marrero,MIA,13325
Michael Hermosillo,CHC,16285
Tommy La Stella,SFG,12371
Chad Pinder,OAK,15191
Gleyber Torres,NYY,16997
Anthony Santander,BAL,14551
Alex Kirilloff,MIN,20325
Andrew Vaughn,CHW,26197
Whit Merrifield,KCR,11281
Adalberto Mondesi,KCR,13769
Eugenio Suarez,CIN,12552
Brian Goodwin,CHW,12858
Derek Fisher,MIL,16192
Rowdy Tellez,- - -,15679
Derek Hill,DET,16947
Freddy Galvis,- - -,6609
Brett Gardner,NYY,9927
Justin Upton,LAA,5222
Miguel Cabrera,DET,1744
Raimel Tapia,COL,14350
Tyler Wade,NYY,15730
Jose Iglesias,- - -,10231
Christian Walker,ARI,13419
Yonathan Daza,COL,15794
William Contreras,ATL,20503
Gavin Lux,LAD,19955
Pablo Reyes,MIL,16357
Abraham Toro,- - -,19844
Aristides Aquino,CIN,15482
Jo Adell,LAA,20220
Albert Pujols,- - -,1177
Harold Ramirez,CLE,14387
Josh Naylor,CLE,18839
Cesar Hernandez,- - -,10556
Yoshi Tsutsugo,- - -,27459
Ke'Bryan Hayes,PIT,18577
Willie Calhoun,TEX,17838
Manuel Margot,TBR,14712
Tommy Edman,STL,19470
Edward Olivares,KCR,19698
Brent Rooker,MIN,19627
Jeff McNeil,NYM,15362
Zack Collins,CHW,19181
Trevor Larnach,MIN,21501
Tucker Barnhart,CIN,10200
Yohel Pozo,TEX,18848
Randal Grichuk,TOR,10243
Mitch Moreland,OAK,3086
Bradley Zimmer,CLE,16221
Pedro Severino,BAL,14523
Nick Solak,TEX,19294
Victor Reyes,DET,15487
Cavan Biggio,TOR,19252
Jake Lamb,- - -,13329
Phil Gosselin,LAA,10953
Asdrubal Cabrera,- - -,4962
Kevin Pillar,NYM,12434
Hanser Alberto,KCR,11902
Brandon Marsh,LAA,20202
Rob Refsnyder,MIN,13770
Jordy Mercer,WSN,6547
Dom Nunez,COL,15055
Yu Chang,CLE,14773
Carlos Santana,KCR,2396
Oscar Mercado,CLE,16375
Breyvic Valera,TOR,12758
Paul DeJong,STL,18015
Jurickson Profar,SDP,10815
Grayson Greiner,DET,17062
Ross Detwiler,- - -,2859
Kohl Stewart,CHC,15502
Taylor Clarke,ARI,17611
JT Riddle,MIN,17642
James Kaprielian,OAK,18331
Kenta Maeda,MIN,18498
Phil Bickford,- - -,18519
Dane Dunning,TEX,19409
Cory Abbott,CHC,20277
Joey Bart,SFG,21524
Hunter Dozier,KCR,15117
Isiah Kiner-Falefa,TEX,16512
Kole Calhoun,ARI,11200
Guillermo Heredia,ATL,18721
Charlie Culberson,TEX,3298
Jose Rojas,LAA,19331
Luis Garcia,WSN,20391
Travis d'Arnaud,ATL,7739
Jorge Mateo,- - -,17273
Harold Castro,DET,14691
Tom Murphy,SEA,13499
Dominic Smith,NYM,15653
Pablo Sandoval,ATL,5409
Yadier Molina,STL,7007
Rougned Odor,NYY,12282
Ryan Jeffers,MIN,24618
Clint Frazier,NYY,15983
Christian Vazquez,BOS,9774
Curt Casali,SFG,12510
Emmanuel Rivera,KCR,19890
Max Fried,ATL,13743
Travis Shaw,- - -,11982
Reese McGuire,TOR,15674
Rene Rivera,- - -,3648
Garrett Hampson,COL,19262
Lewin Diaz,MIA,18365
Miguel Andujar,NYY,15878
German Marquez,COL,15038
Renato Nunez,DET,14503
Jake Marisnick,- - -,11339
Nick Martini,CHC,12005
Josh VanMeter,ARI,15170
Nick Senzel,CIN,19293
Niko Goodrum,DET,12092
Payton Henry,MIA,22164
Michael A. Taylor,KCR,11489
Webster Rivas,SDP,14636
Alec Bohm,PHI,21618
Austin Barnes,LAD,12158
Jack Mayfield,- - -,15402
Marcell Ozuna,ATL,10324
Mike Moustakas,CIN,4892
Luke Williams,PHI,19931
Taylor Jones,HOU,19533
Nick Gordon,MIN,16337
Josh Reddick,ARI,3892
Zach McKinstry,LAD,19392
Jon Berti,MIA,12037
Cole Tucker,PIT,17326
Gerardo Parra,WSN,8553
Kurt Suzuki,LAA,8259
Jonathan Arauz,BOS,20275
Rodolfo Castro,PIT,21987
James McCann,NYM,12859
Daz Cameron,DET,18353
Jose Peraza,NYM,13593
Aaron Hicks,NYY,5297
Hoy Park,- - -,18027
Taylor Walls,TBR,22458
Sergio Alcantara,CHC,16417
Stephen Piscotty,OAK,13367
Phillip Evans,PIT,12950
Mauricio Dubon,SFG,16530
Eric Campbell,SEA,6938
Michael Chavis,- - -,17321
Andres Gimenez,CLE,19950
Eddy Alvarez,MIA,16959
Billy McKinney,- - -,15654
Rafael Marchan,PHI,21646
Cam Gallagher,KCR,12981
John Andreoli,SDP,13012
Andrew Stevenson,WSN,17932
Jack Flaherty,STL,17479
Jose Devers,MIA,20540
Carter Kieboom,WSN,19958
Gregory Polanco,PIT,12907
Wilson Ramos,- - -,1433
Johneshwy Fargas,- - -,16446
Roman Quinn,PHI,13546
Didi Gregorius,PHI,6012
Lewis Brinson,MIA,14352
Ernie Clement,CLE,20352
Jason Heyward,CHC,4940
Daniel Johnson,CLE,19643
Ryan O'Hearn,KCR,16442
Juan Lagares,LAA,5384
Isaac Paredes,DET,20036
Khris Davis,- - -,9112
Ronald Torreyes,PHI,11400
Huascar Ynoa,ATL,20468
Victor Robles,WSN,18363
Jorge Alfaro,MIA,12180
Ryan Lavarnway,CLE,8879
Victor Caratini,SDP,14968
David Fletcher,LAA,17992
John Nogowski,- - -,16852
Willians Astudillo,MIN,15608
DJ Peters,- - -,19348
Erick Castillo,CHC,12990
Ryan McBroom,KCR,16524
Kyle Higashioka,NYY,5517
Dylan Moore,SEA,18042
Jose Barrero,CIN,23378
Adrian Sanchez,WSN,11338
Adam Eaton,- - -,11205
Willi Castro,DET,17338
Alex Blandino,CIN,16271
Kelvin Gutierrez,- - -,17468
Jarred Kelenic,SEA,22558
Mason Williams,NYM,11859
Ha-seong Kim,SDP,27506
Stephen Vogt,- - -,5000
Elvis Andrus,OAK,8709
Taylor Trammell,SEA,19960
Nick Ahmed,ARI,12147
Matt Carpenter,STL,8090
Shed Long Jr.,SEA,16542
Mike Brosseau,TBR,19683
Danny Mendick,CHW,18889
David Bote,CHC,14593
Romy Gonzalez,CHW,21562
Donovan Walton,SEA,19314
Seby Zavala,CHW,18887
Ranger Suarez,PHI,17277
Brian O'Grady,SDP,16729
Yonny Hernandez,TEX,19432
Daniel Robertson,MIL,14145
Nomar Mazara,DET,14553
Jacob Nottingham,- - -,16448
Maikel Franco,BAL,12179
Billy Hamilton,CHW,10199
Ronnie Dawson,HOU,19710
Ender Inciarte,ATL,4922
Jose Trevino,TEX,16725
Danny Santana,BOS,10322
Jason Vosler,SFG,16686
Joshua Fuentes,COL,16885
Jason Martin,TEX,16429
Mike Tauchman,- - -,15274
Eric Sogard,CHC,7927
Marwin Gonzalez,- - -,5497
Taylor Motter,- - -,12399
Brock Holt,TEX,9345
Ryan McKenna,BAL,19928
Chadwick Tromp,SFG,16953
Martin Maldonado,HOU,6887
Jake Bauers,- - -,15194
Jose Marmolejos,SEA,15767
Jonah Heim,TEX,16930
Tomas Nido,NYM,13755
Mike Ford,NYY,15585
Eli White,TEX,19346
Isan Diaz,MIA,17922
Travis Blankenhorn,- - -,18395
Andrew Velazquez,NYY,14196
Andrelton Simmons,MIN,10847
Roberto Perez,CLE,2900
Will Craig,PIT,19267
Keston Hiura,MIL,20003
Kevin Newman,PIT,17696
Joe Ross,WSN,12972
Garrett Richards,BOS,9784
John Means,BAL,16269
Matt Peacock,ARI,20339
Jarren Duran,BOS,24617
David Dahl,TEX,13744
Richie Martin,BAL,17736
Alan Trejo,COL,20056
Orlando Arcia,- - -,13185
Joe Panik,- - -,11936
Erik Gonzalez,PIT,13369
Henry Ramos,ARI,11481
Aramis Garcia,OAK,16925
Luis Rengifo,LAA,19858
Shogo Akiyama,CIN,27461
Tylor Megill,NYM,21318
Jarrod Dyson,- - -,4866
David Price,LAD,3184
Dexter Fowler,LAA,4062
Steven Souza Jr.,LAD,5667
Owen Miller,CLE,24655
Jon Duplantier,ARI,19546
Jake Cave,MIN,14477
Eric Lauer,MIL,19316
Brian Miller,MIA,20047
Sam Haggerty,SEA,18054
Magneuris Sierra,MIA,17023
Bryan Holaday,ARI,11287
Ka'ai Tom,- - -,18136
Pat Valaika,BAL,14885
Andrew Knizner,STL,19514
Tim Locastro,- - -,15124
Cody Bellinger,LAD,15998
Austin Romine,CHC,5491
Austin Wynns,BAL,15271
Josh Palacios,TOR,19818
Luke Raley,LAD,19354
Tucupita Marcano,SDP,22871
Rio Ruiz,- - -,14103
Cal Raleigh,SEA,21534
Nathan Eovaldi,BOS,9132
Corey Ray,MIL,19170
Casey Mize,DET,20492
Aaron Ashby,MIL,23550
Drew Ellis,ARI,19873
Zack Short,DET,19562
Alejo Lopez,CIN,21127
Justin Williams,STL,15490
Patrick Mazeika,NYM,18142
Austin Hedges,CLE,12976
Ben Rortvedt,MIN,20287
Jack Lopez,BOS,13663
Alex Jackson,- - -,17276
Scott Heineman,CIN,14453
Sandy Leon,MIA,5273
Michael Perez,PIT,12977
Luis Marte,MIA,14515
Jackie Bradley Jr.,MIL,12984
Chad Wallach,MIA,17161
Andrew Romine,CHC,1159
Franchy Cordero,BOS,14567
Sebastian Rivero,KCR,21735
Dylan Bundy,LAA,12917
Jose De Leon,CIN,15463
Lucas Giolito,CHW,15474
Zack Littell,SFG,15823
Braden Bishop,SEA,17806
Jose Urquidy,HOU,18413
Patrick Sandoval,LAA,19447
Luis Barrera,OAK,19615
Corbin Martin,ARI,19884
Drew Rasmussen,- - -,25385
Matt Joyce,PHI,3353
Wyatt Mathisen,ARI,14555
Jay Bruce,NYY,9892
Madison Bumgarner,ARI,5524
Chris Gittens,NYY,18482
Colton Welker,COL,19961
Sheldon Neuse,LAD,19635
Anthony Bemboom,LAA,13854
Monte Harrison,MIA,17216
Tony Wolters,CHC,11470
Jonathan Davis,- - -,15104
Wade Miley,CIN,8779
Leody Taveras,TEX,18900
Clayton Kershaw,LAD,2036
Jacob Wilson,- - -,13254
Stuart Fairchild,ARI,20321
Steven Brault,PIT,15291
Mike Freeman,CIN,11241
Jon Lester,- - -,4930
Chance Sisco,- - -,15694
Garrett Stubbs,HOU,18067
Tony Gonsolin,LAD,19388
Wilfredo Tovar,NYM,10416
Mark Payton,CIN,16042
JaCoby Jones,DET,14818
Zac Gallen,ARI,19291
Dustin Fowler,PIT,17098
Gilberto Celestino,MIN,20233
Julio Urias,LAD,14765
Matt Adams,COL,9393
Evan White,SEA,20078
Aaron Nola,PHI,16149
Jared Oliva,PIT,19968
Andrew Knapp,PHI,14942
Matt Thaiss,LAA,19318
Kevan Smith,- - -,12284
Trevor Williams,- - -,16977
Kyle Freeland,COL,16256
Robel Garcia,HOU,13167
Jose Godoy,SEA,15808
Ildemaro Vargas,- - -,13324
Logan Webb,SFG,17995
Ryan Weathers,SDP,23796
Stevie Wilkerson,BAL,16041
Kean Wong,LAA,15994
Jahmai Jones,BAL,18872
Adam Haseley,PHI,19878
Johan Oviedo,STL,22487
Jake Arrieta,- - -,4153
Kevin Smith,TOR,20242
Edwin Rios,LAD,18316
Jake Hager,- - -,12198
Nick Heath,ARI,19577
Kevin Gausman,SFG,14107
Tony Santillan,CIN,19926
Humberto Mejia,ARI,20739
Edward Cabrera,MIA,21690
Rob Brantly,NYY,10655
Troy Stokes Jr.,PIT,17478
Lance Lynn,CHW,2520
Craig Stammen,SDP,7274
Cole Irvin,OAK,19244
Edwin Uceta,LAD,20539
Kevin Padlo,- - -,16593
Seth Frankoff,ARI,11346
Tejay Antone,CIN,16233
Alex Vesia,LAD,25007
Domingo Leyba,- - -,16404
Chi Chi Gonzalez,COL,14663
Luis Castillo,CIN,15689
Corbin Burnes,MIL,19361
Nick Williams,CHW,14330
Todd Frazier,PIT,785
Scott Schebler,LAA,12225
Kyle Gibson,- - -,10123
Braxton Garrett,MIA,21844
Vimael Machin,OAK,17684
Ronald Guzman,TEX,14388
Cristian Pache,ATL,19948
Zach Davies,CHC,13183
Zack Wheeler,PHI,10310
Adam Wainwright,STL,2233
Caleb Smith,ARI,14875
Mickey Moniak,PHI,19956
Patrick Corbin,WSN,9323
Paolo Espino,WSN,8246
Ashton Goudeau,- - -,15139
Keegan Thompson,CHC,19795
Jesus Luzardo,- - -,19959
Hunter Owen,PIT,20034
Albert Almora Jr.,NYM,14109
Marcus Stroman,NYM,13431
Joe Musgrove,SDP,12970
Tim Lopes,MIL,14137
Adrian Houser,MIL,12718
Luis Campusano,SDP,22217
Sonny Gray,CIN,12768
Zach Thompson,MIA,16094
Walker Buehler,LAD,19374
Jaylin Davis,SFG,19552
Kwang-hyun Kim,STL,27458
Greg Deichmann,CHC,19872
Justin Steele,CHC,17312
Trent Giambrone,CHC,19250
Mitch Keller,PIT,17594
Brandon Woodruff,MIL,16162
Tyler Anderson,- - -,12880
Cameron Maybin,NYM,5223
Curtis Terry,TEX,18881
Pete Kozma,OAK,2539
Jorge Bonifacio,PHI,12174
Kyle Muller,ATL,20167
Kyle Hendricks,CHC,12049
JT Brubaker,PIT,17578
Vince Velasquez,- - -,11189
Luke Weaver,ARI,16918
Johnny Cueto,SFG,6893
Taijuan Walker,NYM,11836
Charlie Morton,ATL,4676
Jeff Hoffman,CIN,17432
David Peterson,NYM,20302
Robert Gsellman,NYM,13696
Dillon Peters,PIT,18790
Vladimir Gutierrez,CIN,19278
Skye Bolt,- - -,17723
Merrill Kelly,ARI,11156
Rich Hill,- - -,4806
Yu Darvish,SDP,13074
Hernan Perez,WSN,5751
Jose Lobaton,CHC,4243
Chase De Jong,PIT,15036
Blake Snell,SDP,13543
Austin Gomber,COL,16561
Dinelson Lamet,SDP,17186
Ryan Vilade,COL,22165
Ryan Dorow,TEX,23559
Trevor Cahill,PIT,6249
Dillon Thomas,SEA,12719
Jake Woodford,STL,18674
Freddy Peralta,MIL,18679
Wil Crowe,PIT,19800
Jon Gray,COL,14916
Taylor Widener,ARI,19266
Anderson Tejeda,TEX,19909
Tyler Mahle,CIN,16358
Drew Butera,LAA,3411
P.J. Higgins,CHC,18433
Anthony DeSclafani,SFG,13050
Carlos Martinez,STL,11682
Cody Poteet,MIA,18769
Jordan Holloway,MIA,20631
Sammy Long,SFG,25379
Adbert Alzolay,CHC,17859
Brett Anderson,MIL,8223
Touki Toussaint,ATL,16929
Alex Wood,SFG,13781
Yairo Munoz,BOS,16313
Sandy Alcantara,MIA,18684
Miles Mikolas,STL,9803
Johan Camargo,ATL,14950
Trevor Rogers,MIA,22286
Pablo Lopez,MIA,17085
Ian Anderson,ATL,19951
Bryse Wilson,- - -,19990
Chad Kuhl,PIT,14975
Khalil Lee,NYM,19952
Josiah Gray,- - -,24580
Vidal Brujan,TBR,20536
Drew Smyly,ATL,11760
Joey Lucchesi,NYM,19320
Elieser Hernandez,MIA,16933
Chris Paddack,SDP,20099
Nick Neidert,MIA,18699
Max Moroff,STL,14556
Josh Rogers,WSN,18510
Trevor Bauer,LAD,12703
Scott Kingery,PHI,17975
J.A. Happ,- - -,7410
Zach Eflin,PHI,13774
Antonio Senzatela,COL,15488
Mitch White,LAD,19225
Alec Mills,CHC,13834
Erick Fedde,WSN,17425
Neftali Feliz,- - -,18
Matt Bush,TEX,1246
Adam Ottavino,BOS,1247
Oliver Perez,CLE,1514
Sean Doolittle,- - -,1581
Matt Moore,PHI,1890
Zack Greinke,HOU,1943
Corey Kluber,NYY,2429
Jhoulys Chacin,COL,2608
Luis Avilan,WSN,2882
Kenley Jansen,LAD,3096
Tony Watson,- - -,3132
Max Scherzer,- - -,3137
Will Harris,WSN,3192
Ervin Santana,KCR,3200
Tyler Ladendorf,CHC,3211
T.J. McFarland,STL,3237
Zack Britton,NYY,3240
Joe Smith,- - -,3281
Darren O'Day,NYY,3321
Jeff Mathis,ATL,3448
Danny Duffy,KCR,3542
Liam Hendriks,CHW,3548
Yusmeiro Petit,OAK,4020
Hector Santiago,SEA,4026
Pedro Strop,CHC,4070
Derek Holland,DET,4141
Rafael Dolis,TOR,4185
Mark Melancon,SDP,4264
Justin Wilson,- - -,4301
Tyler Chatwood,- - -,4338
Jordan Zimmermann,MIL,4505
Nate Jones,- - -,4696
Matt Shoemaker,MIN,4776
Scott Kazmir,SFG,4897
Fernando Abad,BAL,4994
Jake Diekman,OAK,5003
Anthony Gose,CLE,5097
Jeurys Familia,NYM,5114
Wade LeBlanc,- - -,5221
Blake Parker,CLE,5224
Michael Pineda,MIN,5372
Brad Peacock,BOS,5401
Pedro Baez,HOU,5420
Jesse Chavez,ATL,5448
Ryan Brasier,BOS,5615
Tyler Clippard,ARI,5640
Junior Guerra,LAA,5702
Dellin Betances,NYM,6216
David Phelps,TOR,6316
Chris Archer,TBR,6345
Jake Odorizzi,HOU,6397
Trevor May,NYM,6398
Jose Cisnero,DET,6399
Steve Cishek,LAA,6483
Blaine Hardy,MIL,6499
Alex Cobb,LAA,6562
Robert Stock,- - -,6576
Brad Brach,CIN,6627
Carlos Carrasco,NYM,6632
Craig Kimbrel,- - -,6655
Alex Colome,MIN,6661
Andrew Miller,STL,6785
Julio Teheran,DET,6797
Chase Anderson,PHI,6895
Martin Perez,BOS,6902
Joakim Soria,- - -,6941
Brandon Dickson,STL,6979
Luis Garcia,STL,6984
Ian Kennedy,- - -,6986
Ryan Pressly,HOU,7005
Daniel Hudson,- - -,7146
Greg Holland,KCR,7196
Preston Guilmet,MIA,7303
Sean Kazmar jr.,ATL,7349
Javy Guerra,WSN,7407
Jay Jackson,SFG,7432
Wade Davis,KCR,7441
Anthony Swarzak,- - -,7466
Collin McHugh,TBR,7531
Jake McGee,SFG,7550
Nick Vincent,MIN,7555
Jordan Lyles,TEX,7593
Tommy Milone,TOR,7608
Mike Fiers,OAK,7754
Richard Bleier,MIA,7803
Hunter Strickland,- - -,7836
Andrew Albers,MIN,7853
Josh Lindblom,MIL,7882
Anthony Bass,MIA,7982
Will Smith,ATL,8048
Bryan Shaw,CLE,8110
David Robertson,TBR,8241
Lucas Luetge,NYY,8337
AJ Ramos,LAA,8350
Deolis Guerra,OAK,8410
Justin Miller,- - -,8580
Tanner Roark,TOR,8753
Cesar Valdez,BAL,9013
John Axford,MIL,9059
Brad Hand,- - -,9111
Kyle Lobstein,WSN,9178
Zac Rosscup,COL,9419
Dallas Keuchel,CHW,9434
Ryan Buchter,ARI,9456
David Hale,PHI,9756
Joe Kelly,LAD,9761
Rex Brothers,CHC,9794
Sergio Romo,OAK,9817
Chaz Roe,TBR,9866
Brandon Kintzler,PHI,9939
Mike Minor,KCR,10021
Tyler Matzek,ATL,10058
Brooks Raley,HOU,10061
Ian Krol,DET,10066
Caleb Thielbar,MIN,10078
Brad Boxberger,MIL,10133
Manny Barreda,BAL,10148
Ryan Weber,- - -,10160
Shelby Miller,- - -,10197
Aaron Northcraft,SDP,10218
Aroldis Chapman,NYY,10233
Ryan Tepera,- - -,10291
Erasmo Ramirez,DET,10314
Juan Minaya,MIN,10341
Aaron Loup,NYM,10343
Mychal Givens,- - -,10430
Jake Petricka,LAA,10534
Jimmy Nelson,LAD,10547
Scott Alexander,LAD,10591
Chris Sale,BOS,10603
Andrew Bellatti,MIA,10657
Drew Hutchison,DET,10732
Shane Greene,- - -,10756
Mike Foltynewicz,TEX,10811
R.J. Alaniz,CIN,10819
Asher Wojciechowski,NYY,10836
Adam Kolarek,OAK,10843
Chasen Shreve,PIT,10855
Jared Hoying,TOR,10882
Ben Rowen,LAA,10983
Mickey Jannis,BAL,11071
Grant Dayton,ATL,11203
Casey Sadler,SEA,11209
Sean Nolin,WSN,11341
Drew Pomeranz,SDP,11426
Brandon Workman,- - -,11428
Jesse Biddle,ATL,11437
A.J. Cole,TOR,11467
Bryan Mitchell,MIA,11479
Robbie Ray,TOR,11486
Joely Rodriguez,- - -,11487
Aaron Sanchez,SFG,11490
Josh Osich,CIN,11528
Jose Urena,DET,11589
Mike Kickham,LAD,11618
Heath Hembree,- - -,11632
Matt Harvey,BAL,11713
Luke Jackson,ATL,11752
Kyle Ryan,CHC,11753
Noah Syndergaard,NYM,11762
Hansel Robles,- - -,11801
Hector Neris,PHI,11804
Alberto Baldonado,WSN,11812
James Paxton,SEA,11828
Chris Martin,ATL,11847
Jason Adam,CHC,11861
Michael Feliz,- - -,11903
Matt Andriese,- - -,12022
Yimi Garcia,- - -,12095
Domingo Tapia,- - -,12178
Dan Winkler,CHC,12237
Ryan Sherriff,TBR,12249
Evan Marshall,CHW,12297
Chris Bassitt,OAK,12304
Colin Rea,MIL,12317
Jacob Barnes,- - -,12323
Kevin Quackenbush,LAD,12360
Spencer Patton,TEX,12361
Nick Tropeano,- - -,12385
Seth Lugo,NYM,12447
Blake Treinen,LAD,12572
Nick Ramirez,SDP,12575
DJ Johnson,- - -,12578
Adam Morgan,CHC,12580
Mike Wright Jr.,CHW,12586
Ryne Harper,WSN,12680
Rafael Montero,- - -,12760
Chris Devenski,ARI,12763
John Brebbia,SFG,12777
Burch Smith,OAK,12784
Noe Ramirez,- - -,12800
Matt Wisler,- - -,12804
Andrew Kittredge,TBR,12828
Shawn Armstrong,- - -,12857
Matt Barnes,BOS,12863
Alex Claudio,LAA,12890
Archie Bradley,PHI,12918
Andrew Chafin,- - -,12988
Colten Brewer,BOS,12997
Reymin Guduan,OAK,13058
Gerrit Cole,NYY,13125
Derek Law,MIN,13133
Eduardo Rodriguez,BOS,13164
Kyle Crick,PIT,13182
Jordan Weems,- - -,13190
Joe Biagini,CHC,13194
Michael Fulmer,DET,13218
Louis Head,TBR,13259
Ross Stripling,TOR,13273
Jesse Hahn,KCR,13287
Danny Coulombe,MIN,13293
Adrian Sampson,CHC,13339
Luis Cessa,- - -,13345
Cam Bedrosian,- - -,13360
Steven Matz,TOR,13361
Dylan Floro,MIA,13394
Sam Selman,- - -,13397
Felix Pena,LAA,13403
Pierce Johnson,SDP,13435
Taylor Rogers,MIN,13449
Lucas Sims,CIN,13470
Daniel Norris,- - -,13475
Brandon Brennan,BOS,13527
Richard Rodriguez,- - -,13549
Steven Okert,MIA,13580
Robert Stephenson,COL,13594
Humberto Arteaga,WSN,13595
Shawn Morimando,MIA,13606
Carl Edwards Jr.,- - -,13607
Jakob Junis,KCR,13619
Clay Holmes,- - -,13649
Jharel Cotton,TEX,13654
Corey Oswalt,NYM,13677
John Gant,- - -,13684
Sal Romano,- - -,13690
Joey Krehbiel,- - -,13707
Kyle Barraclough,MIN,13713
Tyler Duffey,MIN,13758
Chris Stratton,PIT,13761
Dominic Leone,SFG,13763
JT Chargois,- - -,13767
Matt Strahm,SDP,13799
Austin Adams,SDP,13801
Paul Sewald,SEA,13892
Chris Flexen,SEA,13896
Dietrich Enns,TBR,13932
Brent Suter,MIL,13942
Michael Wacha,TBR,14078
Lance McCullers Jr.,HOU,14120
Chris Mazza,TBR,14151
Jose Berrios,- - -,14168
Kyle Zimmer,KCR,14169
Josh Hader,MIL,14212
Wandy Peralta,- - -,14295
Frankie Montas,OAK,14309
Joel Payamps,- - -,14332
Tyler Glasnow,TBR,14374
Amir Garrett,CIN,14375
Hyun-Jin Ryu,TOR,14444
Adam Conley,TBR,14457
J.B. Wendelken,- - -,14506
Jorge Lopez,BAL,14527
Carlos Estevez,COL,14542
Jose Ruiz,CHW,14552
James Hoyt,LAA,14605
Rowan Wick,CHC,14646
Konner Wade,BAL,14655
Jandel Gustave,MIL,14665
Dillon Maples,CHC,14672
Duane Underwood Jr.,PIT,14677
Tzu-Wei Lin,MIN,14678
Andres Machado,WSN,14681
Keone Kela,SDP,14696
Anthony Banda,- - -,14706
Brady Lail,SEA,14707
Edwin Diaz,NYM,14710
Paul Blackburn,OAK,14739
Emilio Pagan,SDP,14771
Buck Farmer,DET,14814
Michael Lorenzen,CIN,14843
Joe Mantiply,ARI,14857
Zack Godley,MIL,14862
Sam Moll,OAK,14874
Taylor Williams,- - -,14899
Reyes Moronta,SFG,14966
Tyler Webb,STL,14974
Giovanny Gallegos,STL,14986
Scott Barlow,KCR,14993
Yacksel Rios,- - -,15007
Kyle Finnegan,WSN,15009
Corey Knebel,LAD,15010
Alex Reyes,STL,15015
Tim Mayza,TOR,15042
Lou Trivino,OAK,15043
Yency Almonte,COL,15068
Kyle McGowin,WSN,15071
Hunter Wood,TEX,15091
Luke Farrell,MIN,15101
Jimmie Sherfy,- - -,15118
Drew Anderson,TEX,15130
Jake Newberry,KCR,15136
Justin Topa,MIL,15145
Aaron Slegers,LAA,15231
Cody Reed,TBR,15232
Cole Sulser,BAL,15256
Keynan Middleton,SEA,15264
Adam Cimber,- - -,15288
Austin Pruitt,- - -,15290
Mike Mayers,LAA,15451
Nick Pivetta,BOS,15454
Marco Gonzales,SEA,15467
Stephen Gonsalves,BOS,15492
Hunter Harvey,BAL,15507
Kendall Graveman,- - -,15514
Joseph Odom,TBR,15535
Eric Yardley,MIL,15538
Tyler Rogers,SFG,15541
Chad Green,NYY,15552
Nick Wittgren,CLE,15594
Phillips Valdez,BOS,15605
Yefry Ramirez,LAD,15655
Miguel Castro,NYM,15684
Brad Keller,KCR,15734
Joe Jimenez,DET,15761
Devin Williams,MIL,15816
Paul Fry,BAL,15832
Adam Plutko,BAL,15846
Kent Emanuel,HOU,15849
Wander Suero,WSN,15855
Stephen Tarpley,NYM,15859
Luis Severino,NYY,15890
Lewis Thorpe,MIN,15906
Ryne Stanek,HOU,15947
Keury Mella,ARI,15964
Akeem Bostick,NYM,15979
Stefan Crichton,ARI,16058
Taylor Gushue,CHC,16098
Daniel Ponce de Leon,STL,16110
Jordan Romano,TOR,16122
Chris Ellis,- - -,16125
John Curtiss,- - -,16128
David Hess,- - -,16130
Carlos Rodon,CHW,16137
Jace Fry,CHW,16159
Spencer Turnbull,DET,16207
Jake Reed,- - -,16209
Aaron Bummer,CHW,16258
Sam Howard,PIT,16265
Sam Clay,WSN,16279
Jesus Tinoco,COL,16300
Alex McRae,CHW,16317
Ryan Borucki,TOR,16350
Ryan Castellani,COL,16377
Brad Wieck,CHC,16390
Reynaldo Lopez,CHW,16400
Victor Gonzalez,LAD,16408
Blake Taylor,HOU,16418
Scott Blewett,KCR,16427
James Norwood,SDP,16440
Conner Greene,- - -,16455
Brent Honeywell,TBR,16466
Roel Ramirez,STL,16470
Ryan Yarbrough,TBR,16502
Dan Altavilla,SDP,16507
Jordan Montgomery,NYY,16511
Dusten Knight,BAL,16537
Erik Swanson,SEA,16587
Bryan Abreu,HOU,16609
J.P. Feyereisen,- - -,16610
Ryan Thompson,TBR,16647
Julian Merryweather,TOR,16703
Vinny Nittoli,SEA,16754
Josh James,HOU,16794
Tim Hill,SDP,16814
Sean Newcomb,ATL,16943
Jake Jewell,CHC,16958
Tyler Beede,SFG,16981
Trevor Hildenberger,NYM,17002
Jefry Rodriguez,WSN,17018
Domingo Acevedo,OAK,17092
Raisel Iglesias,LAA,17130
Domingo German,NYY,17149
Gabe Speier,KCR,17170
Yoan Lopez,ARI,17181
Austin Brice,BOS,17237
Sam Coonrod,PHI,17264
Michael Kopech,CHW,17282
Javy Guerra,SDP,17292
Framber Valdez,HOU,17295
Edgar Santana,ATL,17355
Josh Taylor,BOS,17359
Brett Martin,TEX,17369
David Paulino,PHI,17418
Albert Abreu,NYY,17485
Spenser Watkins,BAL,17489
Genesis Cabrera,STL,17490
Diego Castillo,- - -,17496
Jorge Guzman,MIA,17505
Ryan Burr,CHW,17536
Jimmy Herget,- - -,17556
Marcos Diplan,BAL,17583
Tanner Scott,BAL,17586
Cristian Javier,HOU,17606
Tanner Rainey,WSN,17610
Justin Lawrence,COL,17639
Jeffrey Springs,TBR,17677
Ralph Garza,- - -,17682
Trevor Megill,CHC,17722
Nabil Crismatt,SDP,17732
Evan Phillips,- - -,17734
Tyler Alexander,DET,17735
Brody Koerner,NYY,17748
Drew Smith,NYM,17755
Angel Perdomo,MIL,17759
Jose Alvarado,PHI,17780
Patrick Weigel,MIL,17792
Dillon Tate,BAL,17796
Daniel Zamora,SEA,17811
Ian Gibaut,MIN,17871
Nestor Cortes,NYY,17874
Dennis Santana,- - -,17878
Tayler Saucedo,TOR,17888
Cody Ponce,PIT,17920
Trent Thornton,TOR,17948
Tyler Gilbert,ARI,17964
Peter Lambert,COL,17969
Pete Fairbanks,TBR,17998
Tanner Anderson,PIT,18029
Phil Maton,- - -,18064
Cody Stashak,MIN,18088
Ryan Meisinger,CHC,18105
Ryan Helsley,STL,18138
Jay Flaa,- - -,18140
Anthony Misiewicz,SEA,18152
Art Warren,CIN,18251
Jarlin Garcia,SFG,18282
Tyler Kinley,COL,18297
Carson Fulmer,CIN,18311
Josh Sborz,TEX,18323
Taylor Hearn,TEX,18325
Eric Hanhold,BAL,18332
Alex Young,- - -,18333
Josh Staumont,KCR,18335
Nick Anderson,TBR,18337
Julian Fernandez,COL,18341
Brandon Waddell,- - -,18347
Jaime Barria,LAA,18356
Thomas Eshelman,BAL,18361
Scott Effross,CHC,18384
Enyel De Los Santos,- - -,18403
Trey Amburgey,NYY,18425
Shea Spitzbarth,PIT,18475
Junior Fernandez,STL,18496
Sam Hentges,CLE,18548
Logan Allen,CLE,18555
Travis Bergen,TOR,18581
Travis Lakins Sr.,BAL,18600
A.J. Minter,ATL,18655
Kolby Allard,TEX,18694
Miguel Del Pozo,DET,18792
Drew Steckenrider,SEA,18806
Miguel Diaz,SDP,18815
Pedro Avila,SDP,18864
Beau Burrows,- - -,18873
Kyle Keller,PIT,18890
Zack Burdi,- - -,19159
Tommy Nance,CHC,19178
Kirby Snead,TOR,19179
Robert Dugger,SEA,19191
Brandyn Sittinger,ARI,19192
Conner Menez,SFG,19199
Jose Quijada,LAA,19200
Caleb Baragar,SFG,19231
Wes Benjamin,TEX,19243
Miguel Aguilar,ARI,19246
Seranthony Dominguez,PHI,19249
Thomas Hatch,TOR,19264
T.J. Zeuch,TOR,19269
Jacob Webb,ATL,19274
Edgar Garcia,- - -,19276
Richard Lovelady,KCR,19337
A.J. Puk,OAK,19343
Daulton Jefferies,OAK,19345
Dean Kremer,BAL,19350
Keegan Akin,BAL,19362
Shane Bieber,CLE,19427
Yohan Ramirez,SEA,19444
Shaun Anderson,- - -,19453
Michael Rucker,CHC,19454
Kyle Funkhouser,DET,19456
Bryan Garcia,DET,19457
Jorge Alcala,MIN,19459
Ryan Hartman,HOU,19480
Andrew Vasquez,LAD,19482
Devin Smeltzer,MIN,19487
Raynel Espinal,BOS,19516
Jacob Robson,DET,19528
Jason Foley,DET,19531
Ryan Hendrix,CIN,19535
Jimmy Lambert,CHW,19541
Stephen Nogosek,NYM,19545
J.D. Hammer,PHI,19548
Geoff Hartlieb,- - -,19558
Bernardo Flores Jr.,STL,19561
David Bednar,PIT,19569
JoJo Romero,PHI,19574
Sean Poppen,- - -,19583
Otto Lopez,TOR,19608
Cionel Perez,CIN,19614
Jordan Hicks,STL,19618
Jack Kruger,LAA,19634
Matt Foster,CHW,19647
Zach Reks,LAD,19667
Gregory Soto,DET,19677
Jordan Sheffield,COL,19682
Kyle Cody,TEX,19686
Connor Seabold,BOS,19695
Patrick Murphy,- - -,19712
Dustin May,LAD,19716
Kodi Whitley,STL,19731
Anthony Bender,MIA,19742
Jonathan Loaisiga,NYY,19753
Reiver Sanmartin,CIN,19754
Seth Elledge,STL,19766
Will Vest,SEA,19769
Justin Garza,CLE,19784
Anthony Castro,TOR,19789
Bryan Baker,TOR,19804
Daniel Castano,MIA,19805
Riley Smith,ARI,19826
Alexander Wells,BAL,19845
Darwinzon Hernandez,BOS,19848
Michael King,NYY,19853
Charlie Barnes,MIN,19865
Brandon Bielak,HOU,19866
Griffin Canning,LAA,19867
Drew Carlton,DET,19868
Tucker Davidson,ATL,19871
Kevin Ginkel,ARI,19876
Tanner Houck,BOS,19879
Gabe Klobosits,WSN,19881
Alex Lange,DET,19883
Adonis Medina,PHI,19903
Jose Suarez,LAA,19911
Trevor Stephan,CLE,19932
Jhon Romero,WSN,19940
Ljay Newsome,SEA,19942
Zach Plesac,CLE,19979
Dylan Lee,ATL,19996
Tyler Wells,BAL,20000
Wyatt Mills,SEA,20010
John Schreiber,BOS,20020
Darren McCaughan,SEA,20038
Adrian Morejon,SDP,20039
Ronald Bolanos,KCR,20041
Sean Guenther,MIA,20045
Kaleb Ort,BOS,20061
Bailey Falter,PHI,20070
Miguel Sanchez,MIL,20074
Mauricio Llovera,PHI,20080
James Karinchak,CLE,20151
Nick Nelson,NYY,20153
Nate Pearson,TOR,20160
Ty Tice,- - -,20177
Zach Pop,MIA,20185
Ben Bowden,COL,20198
Eli Morgan,CLE,20203
Jeremy Beasley,TOR,20205
Mike Baumann,BAL,20206
Yennsy Diaz,NYM,20218
Tyler Ivey,HOU,20237
Zac Lowther,BAL,20243
Griffin Jax,MIN,20253
Deivi Garcia,NYY,20276
Jhonathan Diaz,LAA,20298
Alec Bettinger,MIL,20312
Andre Scrubb,HOU,20329
Kyle Dohy,PHI,20334
Riley O'Brien,CIN,20348
Brusdar Graterol,LAD,20367
Ramon Rosso,PHI,20368
Matt Manning,DET,20369
Bruce Zimmermann,BAL,20370
Andres Munoz,SEA,20373
Tyler Zuber,KCR,20379
Antonio Santos,COL,20383
Isaac Mattson,BAL,20385
Anthony Kay,TOR,20387
Nick Margevicius,SEA,20395
Luis Madero,MIA,20399
Josh Fleming,TBR,20418
Jovani Moran,MIN,20422
Rony Garcia,DET,20430
Enoli Paredes,HOU,20447
Peter Solomon,HOU,20476
J.B. Bukauskas,ARI,20491
Scott Hurst,STL,20501
Kyle Nelson,CLE,20515
Nick Sandlin,CLE,20517
Kutter Crawford,BOS,20531
JC Mejia,CLE,20617
Yusei Kikuchi,SEA,20633
Cristopher Sanchez,PHI,20778
Manuel Rodriguez,CHC,20794
Eduard Bazardo,BOS,20997
Francisco Perez,CLE,21018
Oliver Ortega,LAA,21025
Emmanuel Clase,CLE,21032
Seth Martinez,HOU,21045
Luis Gil,NYY,21052
Thomas Szapucki,NYM,21065
Demarcus Evans,TEX,21087
Dauri Moreta,CIN,21101
Miguel Yajure,PIT,21111
Tyler Payne,CHC,21139
Brooks Kriske,- - -,21189
Darien Nunez,LAD,21197
Connor Brogdon,PHI,21205
Lucas Gilbreath,COL,21290
Andre Jackson,LAD,21298
Jake Latz,TEX,21306
Glenn Otto,TEX,21366
Joe Ryan,MIN,21390
Ryan Feltner,COL,21446
Kris Bubic,KCR,21455
Shane McClanahan,TBR,21483
Daniel Lynch,KCR,21537
Reiss Knehr,SDP,21541
Jackson Kowar,KCR,21549
Jake Cousins,MIL,21620
Elvis Peguero,LAA,21652
Kervin Castro,SFG,21656
Luis Oviedo,PIT,21728
Jose Marte,LAA,21761
Mason Thompson,- - -,21850
Gregory Santos,SFG,21894
Camilo Doval,SFG,21992
Luis Frias,ARI,21997
Angel Rondon,STL,22036
John King,TEX,22051
Aaron Fletcher,SEA,22052
Kyle Tyler,LAA,22092
Max Kranick,PIT,22175
Hans Crouse,PHI,22192
Mac Sceroler,BAL,22218
Jon Heasley,KCR,22224
Paul Campbell,MIA,22248
Logan Gilbert,SEA,22250
Shane Baz,TBR,22264
Tarik Skubal,DET,22267
Dylan Coleman,KCR,22276
Joe Barlow,TEX,22296
Chris Rodriguez,LAA,22310
A.J. Alexy,TEX,22343
Stephen Ridings,NYY,22358
Nivaldo Rodriguez,HOU,22449
Carlos Hernandez,KCR,22713
Angel Zerpa,KCR,22717
Roansy Contreras,PIT,22810
Luis Patino,TBR,22815
Joan Adon,WSN,22925
Packy Naughton,LAA,23292
Codi Heuer,- - -,23293
Janson Junk,LAA,23301
Damon Jones,PHI,23310
Nicklaus Snyder,TEX,23493
Brett de Geus,- - -,23592
Luis Garcia,HOU,23735
Randy Dobnak,MIN,23798
Nick Allgeyer,TOR,24486
Jonathan Stiever,CHW,24584
Cody Wilson,WSN,24671
Andrew Wantz,LAA,24933
Austin Warren,LAA,24937
Cooper Criswell,LAA,24975
Nick Mears,PIT,25376
Brady Singer,KCR,25377
Alek Manoah,TOR,26410
Garrett Crochet,CHW,27463
Spencer Strider,ATL,27498
Kohei Arihara,TEX,27505
Hyeon-jong Yang,TEX,27513
Hirokazu Sawamura,BOS,27515
